,category_id,parent_id,Category
0,80428,0,/Apparel & Accessories
1,80429,80428,/Apparel & Accessories/Activewear
2,80557,80429,/Apparel & Accessories/Activewear/Running Apparel
3,80558,80429,/Apparel & Accessories/Activewear/Yoga Apparel
4,80949,80428,/Apparel & Accessories/Backpacks
5,80430,80428,/Apparel & Accessories/Costumes
6,80879,80428,/Apparel & Accessories/Eyewear
7,80880,80879,/Apparel & Accessories/Eyewear/Eyeglasses & Contact Lenses
8,80878,80879,/Apparel & Accessories/Eyewear/Sunglasses
9,80431,80428,/Apparel & Accessories/Formal Wear
10,80443,80431,/Apparel & Accessories/Formal Wear/Bridal Wear
11,80444,80431,/Apparel & Accessories/Formal Wear/Suits & Business Attire
12,80432,80428,/Apparel & Accessories/Handbags
13,80940,80428,/Apparel & Accessories/Hats
14,80433,80428,/Apparel & Accessories/Jewelry & Watches
15,80445,80433,/Apparel & Accessories/Jewelry & Watches/Fine Jewelry
16,80877,80445,/Apparel & Accessories/Jewelry & Watches/Fine Jewelry/Necklaces
17,80447,80433,/Apparel & Accessories/Jewelry & Watches/Watches
18,80446,80433,/Apparel & Accessories/Jewelry & Watches/Wedding & Engagement Rings
19,80434,80428,/Apparel & Accessories/Lingerie
20,80435,80428,/Apparel & Accessories/Luggage
21,80436,80428,/Apparel & Accessories/Men's Apparel
22,80438,80428,/Apparel & Accessories/Outerwear
23,80937,80428,/Apparel & Accessories/Pants
24,80938,80428,/Apparel & Accessories/Shirts & Tops
25,80439,80428,/Apparel & Accessories/Shoes
26,80448,80439,/Apparel & Accessories/Shoes/Athletic Shoes
27,80449,80439,/Apparel & Accessories/Shoes/Boots
28,80450,80439,/Apparel & Accessories/Shoes/Dress Shoes
29,80939,80428,/Apparel & Accessories/Shorts
30,80881,80428,/Apparel & Accessories/Socks
31,80440,80428,/Apparel & Accessories/Swimwear
32,80882,80428,/Apparel & Accessories/Underwear
33,80441,80428,"/Apparel & Accessories/Wallets, Briefcases & Leather Goods"
34,80442,80428,/Apparel & Accessories/Women's Apparel
35,80874,0,/Arts & Crafts Supplies
36,80001,0,/Autos & Vehicles
37,80468,80001,/Autos & Vehicles/Auto Parts & Accessories
38,80470,80468,/Autos & Vehicles/Auto Parts & Accessories/Auto Exterior Parts & Accessories
39,80471,80468,/Autos & Vehicles/Auto Parts & Accessories/Auto Interior Parts & Accessories
40,80472,80468,/Autos & Vehicles/Auto Parts & Accessories/Automotive Electronic Components
41,80473,80468,/Autos & Vehicles/Auto Parts & Accessories/Car Batteries
42,80474,80468,/Autos & Vehicles/Auto Parts & Accessories/Car Brakes
43,80475,80468,/Autos & Vehicles/Auto Parts & Accessories/Engine & Transmission
44,80476,80468,/Autos & Vehicles/Auto Parts & Accessories/High Performance & Aftermarket Auto Parts
45,80477,80468,/Autos & Vehicles/Auto Parts & Accessories/Wheels & Tires
46,80469,80001,/Autos & Vehicles/Auto Repair & Maintenance
47,80479,80469,/Autos & Vehicles/Auto Repair & Maintenance/Brake Service & Repair
48,80480,80469,/Autos & Vehicles/Auto Repair & Maintenance/Collision & Auto Body Repair
49,80478,80469,/Autos & Vehicles/Auto Repair & Maintenance/Glass Repair & Replacement
50,80481,80469,/Autos & Vehicles/Auto Repair & Maintenance/Oil Changes
51,80482,80469,/Autos & Vehicles/Auto Repair & Maintenance/Transmission Repair
52,80206,80001,/Autos & Vehicles/Motor Vehicles
53,80097,80206,/Autos & Vehicles/Motor Vehicles/Motor Vehicles (New)
54,80099,80206,/Autos & Vehicles/Motor Vehicles/Motor Vehicles (Used)
55,80013,80206,/Autos & Vehicles/Motor Vehicles/Motor Vehicles by Brand
56,80014,80013,/Autos & Vehicles/Motor Vehicles/Motor Vehicles by Brand/Acura
57,80093,80013,/Autos & Vehicles/Motor Vehicles/Motor Vehicles by Brand/Alfa Romeo
58,80015,80013,/Autos & Vehicles/Motor Vehicles/Motor Vehicles by Brand/Audi
59,80016,80013,/Autos & Vehicles/Motor Vehicles/Motor Vehicles by Brand/BMW
60,80054,80013,/Autos & Vehicles/Motor Vehicles/Motor Vehicles by Brand/Buick
61,80017,80013,/Autos & Vehicles/Motor Vehicles/Motor Vehicles by Brand/Cadillac
62,80018,80013,/Autos & Vehicles/Motor Vehicles/Motor Vehicles by Brand/Chevrolet
63,80019,80013,/Autos & Vehicles/Motor Vehicles/Motor Vehicles by Brand/Chrysler
64,80020,80013,/Autos & Vehicles/Motor Vehicles/Motor Vehicles by Brand/Citroën
65,80021,80013,/Autos & Vehicles/Motor Vehicles/Motor Vehicles by Brand/Dodge
66,80022,80013,/Autos & Vehicles/Motor Vehicles/Motor Vehicles by Brand/Fiat
67,80023,80013,/Autos & Vehicles/Motor Vehicles/Motor Vehicles by Brand/Ford
68,80045,80013,/Autos & Vehicles/Motor Vehicles/Motor Vehicles by Brand/GM-Daewoo
69,80024,80013,/Autos & Vehicles/Motor Vehicles/Motor Vehicles by Brand/GMC
70,80025,80013,/Autos & Vehicles/Motor Vehicles/Motor Vehicles by Brand/Honda
71,80056,80013,/Autos & Vehicles/Motor Vehicles/Motor Vehicles by Brand/Hummer
72,80026,80013,/Autos & Vehicles/Motor Vehicles/Motor Vehicles by Brand/Hyundai
73,80080,80013,/Autos & Vehicles/Motor Vehicles/Motor Vehicles by Brand/Infiniti
74,80081,80013,/Autos & Vehicles/Motor Vehicles/Motor Vehicles by Brand/Isuzu
75,80057,80013,/Autos & Vehicles/Motor Vehicles/Motor Vehicles by Brand/Jaguar
76,80027,80013,/Autos & Vehicles/Motor Vehicles/Motor Vehicles by Brand/Jeep
77,80028,80013,/Autos & Vehicles/Motor Vehicles/Motor Vehicles by Brand/Kia
78,80059,80013,/Autos & Vehicles/Motor Vehicles/Motor Vehicles by Brand/Land Rover
79,80029,80013,/Autos & Vehicles/Motor Vehicles/Motor Vehicles by Brand/Lexus
80,80030,80013,/Autos & Vehicles/Motor Vehicles/Motor Vehicles by Brand/Lincoln
81,80060,80013,/Autos & Vehicles/Motor Vehicles/Motor Vehicles by Brand/Maserati
82,80031,80013,/Autos & Vehicles/Motor Vehicles/Motor Vehicles by Brand/Mazda
83,80032,80013,/Autos & Vehicles/Motor Vehicles/Motor Vehicles by Brand/Mercedes-Benz
84,80033,80013,/Autos & Vehicles/Motor Vehicles/Motor Vehicles by Brand/Mercury
85,80061,80013,/Autos & Vehicles/Motor Vehicles/Motor Vehicles by Brand/Mini
86,80034,80013,/Autos & Vehicles/Motor Vehicles/Motor Vehicles by Brand/Mitsubishi
87,80035,80013,/Autos & Vehicles/Motor Vehicles/Motor Vehicles by Brand/Nissan
88,80036,80013,/Autos & Vehicles/Motor Vehicles/Motor Vehicles by Brand/Peugeot
89,80037,80013,/Autos & Vehicles/Motor Vehicles/Motor Vehicles by Brand/Pontiac
90,80038,80013,/Autos & Vehicles/Motor Vehicles/Motor Vehicles by Brand/Porsche
91,80693,80013,/Autos & Vehicles/Motor Vehicles/Motor Vehicles by Brand/Ram Trucks
92,80039,80013,/Autos & Vehicles/Motor Vehicles/Motor Vehicles by Brand/Renault
93,80094,80013,/Autos & Vehicles/Motor Vehicles/Motor Vehicles by Brand/SEAT
94,80046,80013,/Autos & Vehicles/Motor Vehicles/Motor Vehicles by Brand/Saab
95,80040,80013,/Autos & Vehicles/Motor Vehicles/Motor Vehicles by Brand/Saturn
96,80063,80013,/Autos & Vehicles/Motor Vehicles/Motor Vehicles by Brand/Scion
97,80041,80013,/Autos & Vehicles/Motor Vehicles/Motor Vehicles by Brand/Subaru
98,80064,80013,/Autos & Vehicles/Motor Vehicles/Motor Vehicles by Brand/Suzuki
99,80694,80013,/Autos & Vehicles/Motor Vehicles/Motor Vehicles by Brand/Tesla Motors
100,80042,80013,/Autos & Vehicles/Motor Vehicles/Motor Vehicles by Brand/Toyota
101,80047,80013,/Autos & Vehicles/Motor Vehicles/Motor Vehicles by Brand/Vauxhall-Opel
102,80043,80013,/Autos & Vehicles/Motor Vehicles/Motor Vehicles by Brand/Volkswagen
103,80044,80013,/Autos & Vehicles/Motor Vehicles/Motor Vehicles by Brand/Volvo
104,80296,80206,/Autos & Vehicles/Motor Vehicles/Motor Vehicles by Price
105,80297,80296,/Autos & Vehicles/Motor Vehicles/Motor Vehicles by Price/$0 - $15k (Motor Vehicles)
106,80298,80296,/Autos & Vehicles/Motor Vehicles/Motor Vehicles by Price/$15k - $25k (Motor Vehicles)
107,80299,80296,/Autos & Vehicles/Motor Vehicles/Motor Vehicles by Price/$25k - $35k (Motor Vehicles)
108,80300,80296,/Autos & Vehicles/Motor Vehicles/Motor Vehicles by Price/$35k - $50k (Motor Vehicles)
109,80301,80296,/Autos & Vehicles/Motor Vehicles/Motor Vehicles by Price/$50k - $75k (Motor Vehicles)
110,80302,80296,/Autos & Vehicles/Motor Vehicles/Motor Vehicles by Price/$75k and above (Motor Vehicles)
111,80171,80206,/Autos & Vehicles/Motor Vehicles/Motor Vehicles by Type
112,80049,80171,/Autos & Vehicles/Motor Vehicles/Motor Vehicles by Type/Classic Vehicles
113,80111,80171,/Autos & Vehicles/Motor Vehicles/Motor Vehicles by Type/Compact Cars
114,80172,80111,/Autos & Vehicles/Motor Vehicles/Motor Vehicles by Type/Compact Cars/Compact Cars (New)
115,80112,80111,/Autos & Vehicles/Motor Vehicles/Motor Vehicles by Type/Compact Cars/Compact Cars (Used)
116,80102,80171,/Autos & Vehicles/Motor Vehicles/Motor Vehicles by Type/Convertibles
117,80173,80102,/Autos & Vehicles/Motor Vehicles/Motor Vehicles by Type/Convertibles/Convertibles (New)
118,80113,80102,/Autos & Vehicles/Motor Vehicles/Motor Vehicles by Type/Convertibles/Convertibles (Used)
119,80103,80171,/Autos & Vehicles/Motor Vehicles/Motor Vehicles by Type/Coupes
120,80174,80103,/Autos & Vehicles/Motor Vehicles/Motor Vehicles by Type/Coupes/Coupes (New)
121,80170,80103,/Autos & Vehicles/Motor Vehicles/Motor Vehicles by Type/Coupes/Coupes (Used)
122,80110,80171,/Autos & Vehicles/Motor Vehicles/Motor Vehicles by Type/Crossovers
123,80175,80110,/Autos & Vehicles/Motor Vehicles/Motor Vehicles by Type/Crossovers/Crossovers (New)
124,80114,80110,/Autos & Vehicles/Motor Vehicles/Motor Vehicles by Type/Crossovers/Crossovers (Used)
125,80104,80171,/Autos & Vehicles/Motor Vehicles/Motor Vehicles by Type/Diesel Vehicles
126,80176,80104,/Autos & Vehicles/Motor Vehicles/Motor Vehicles by Type/Diesel Vehicles/Diesel Vehicles (New)
127,80115,80104,/Autos & Vehicles/Motor Vehicles/Motor Vehicles by Type/Diesel Vehicles/Diesel Vehicles (Used)
128,80105,80171,/Autos & Vehicles/Motor Vehicles/Motor Vehicles by Type/Hatchbacks
129,80177,80105,/Autos & Vehicles/Motor Vehicles/Motor Vehicles by Type/Hatchbacks/Hatchbacks (New)
130,80116,80105,/Autos & Vehicles/Motor Vehicles/Motor Vehicles by Type/Hatchbacks/Hatchbacks (Used)
131,80012,80171,/Autos & Vehicles/Motor Vehicles/Motor Vehicles by Type/Hybrid & Alternative Vehicles
132,80178,80012,/Autos & Vehicles/Motor Vehicles/Motor Vehicles by Type/Hybrid & Alternative Vehicles/Hybrid & Alternative Vehicles (New)
133,80117,80012,/Autos & Vehicles/Motor Vehicles/Motor Vehicles by Type/Hybrid & Alternative Vehicles/Hybrid & Alternative Vehicles (Used)
134,80106,80171,/Autos & Vehicles/Motor Vehicles/Motor Vehicles by Type/Luxury Vehicles
135,80179,80106,/Autos & Vehicles/Motor Vehicles/Motor Vehicles by Type/Luxury Vehicles/Luxury Vehicles (New)
136,80118,80106,/Autos & Vehicles/Motor Vehicles/Motor Vehicles by Type/Luxury Vehicles/Luxury Vehicles (Used)
137,80079,80171,/Autos & Vehicles/Motor Vehicles/Motor Vehicles by Type/Microcars & Subcompacts
138,80180,80079,/Autos & Vehicles/Motor Vehicles/Motor Vehicles by Type/Microcars & Subcompacts/Microcars & Subcompacts (New)
139,80119,80079,/Autos & Vehicles/Motor Vehicles/Motor Vehicles by Type/Microcars & Subcompacts/Microcars & Subcompacts (Used)
140,80006,80171,/Autos & Vehicles/Motor Vehicles/Motor Vehicles by Type/Motorcycles
141,80181,80006,/Autos & Vehicles/Motor Vehicles/Motor Vehicles by Type/Motorcycles/Motorcycles (New)
142,80120,80006,/Autos & Vehicles/Motor Vehicles/Motor Vehicles by Type/Motorcycles/Motorcycles (Used)
143,80004,80171,/Autos & Vehicles/Motor Vehicles/Motor Vehicles by Type/Off-Road Vehicles
144,80182,80004,/Autos & Vehicles/Motor Vehicles/Motor Vehicles by Type/Off-Road Vehicles/Off-Road Vehicles (New)
145,80190,80004,/Autos & Vehicles/Motor Vehicles/Motor Vehicles by Type/Off-Road Vehicles/Off-Road Vehicles (Used)
146,80050,80171,/Autos & Vehicles/Motor Vehicles/Motor Vehicles by Type/Pickup Trucks
147,80187,80050,/Autos & Vehicles/Motor Vehicles/Motor Vehicles by Type/Pickup Trucks/Pickup Trucks (New)
148,80127,80050,/Autos & Vehicles/Motor Vehicles/Motor Vehicles by Type/Pickup Trucks/Pickup Trucks (Used)
149,80051,80171,/Autos & Vehicles/Motor Vehicles/Motor Vehicles by Type/SUVs
150,80188,80051,/Autos & Vehicles/Motor Vehicles/Motor Vehicles by Type/SUVs/SUVs (New)
151,80128,80051,/Autos & Vehicles/Motor Vehicles/Motor Vehicles by Type/SUVs/SUVs (Used)
152,80068,80171,/Autos & Vehicles/Motor Vehicles/Motor Vehicles by Type/Scooters & Mopeds
153,80183,80068,/Autos & Vehicles/Motor Vehicles/Motor Vehicles by Type/Scooters & Mopeds/Scooters & Mopeds (New)
154,80121,80068,/Autos & Vehicles/Motor Vehicles/Motor Vehicles by Type/Scooters & Mopeds/Scooters & Mopeds (Used)
155,80107,80171,/Autos & Vehicles/Motor Vehicles/Motor Vehicles by Type/Sedans
156,80184,80107,/Autos & Vehicles/Motor Vehicles/Motor Vehicles by Type/Sedans/Sedans (New)
157,80122,80107,/Autos & Vehicles/Motor Vehicles/Motor Vehicles by Type/Sedans/Sedans (Used)
158,80108,80171,/Autos & Vehicles/Motor Vehicles/Motor Vehicles by Type/Sports Cars
159,80185,80108,/Autos & Vehicles/Motor Vehicles/Motor Vehicles by Type/Sports Cars/Sports Cars (New)
160,80123,80108,/Autos & Vehicles/Motor Vehicles/Motor Vehicles by Type/Sports Cars/Sports Cars (Used)
161,80109,80171,/Autos & Vehicles/Motor Vehicles/Motor Vehicles by Type/Station Wagons
162,80186,80109,/Autos & Vehicles/Motor Vehicles/Motor Vehicles by Type/Station Wagons/Station Wagons (New)
163,80124,80109,/Autos & Vehicles/Motor Vehicles/Motor Vehicles by Type/Station Wagons/Station Wagons (Used)
164,80052,80171,/Autos & Vehicles/Motor Vehicles/Motor Vehicles by Type/Vans & Minivans
165,80189,80052,/Autos & Vehicles/Motor Vehicles/Motor Vehicles by Type/Vans & Minivans/Vans & Minivans (New)
166,80129,80052,/Autos & Vehicles/Motor Vehicles/Motor Vehicles by Type/Vans & Minivans/Vans & Minivans (Used)
167,80169,80001,/Autos & Vehicles/Vehicles (Other)
168,80067,80169,/Autos & Vehicles/Vehicles (Other)/Bicycles & Accessories
169,80065,80169,/Autos & Vehicles/Vehicles (Other)/Boats & Watercraft
170,80069,80169,/Autos & Vehicles/Vehicles (Other)/Campers & RVs
171,80070,80169,/Autos & Vehicles/Vehicles (Other)/Commercial Vehicles
172,80308,0,/Baby & Children's Products
173,80309,80308,/Baby & Children's Products/Baby & Children's Apparel
174,80316,80309,/Baby & Children's Products/Baby & Children's Apparel/Baby & Toddler Apparel
175,80317,80309,/Baby & Children's Products/Baby & Children's Apparel/Children's Apparel
176,80312,80308,/Baby & Children's Products/Child Car Seats
177,80314,80308,/Baby & Children's Products/Childcare & Education
178,80318,80314,/Baby & Children's Products/Childcare & Education/Childcare
179,80319,80314,/Baby & Children's Products/Childcare & Education/Early Childhood Education
180,80310,80308,/Baby & Children's Products/Diapers & Baby Hygiene Products
181,80315,80308,/Baby & Children's Products/Infant & Toddler Feeding
182,80320,80315,/Baby & Children's Products/Infant & Toddler Feeding/Infant Feeding Supplies
183,80321,80315,/Baby & Children's Products/Infant & Toddler Feeding/Toddler Meals
184,80313,80308,/Baby & Children's Products/Strollers & Baby Carriages
185,80311,80308,/Baby & Children's Products/Toys
186,80546,0,/Beauty & Personal Care
187,80552,80546,/Beauty & Personal Care/Bath & Body Products
188,80989,80552,/Beauty & Personal Care/Bath & Body Products/Body Lotions & Moisturizers
189,80991,80552,/Beauty & Personal Care/Bath & Body Products/Deodorants
190,80988,80552,/Beauty & Personal Care/Bath & Body Products/Soaps & Body Washes
191,80551,80546,/Beauty & Personal Care/Hair Care Products
192,80979,80551,/Beauty & Personal Care/Hair Care Products/Hair Color Products
193,80993,80551,/Beauty & Personal Care/Hair Care Products/Shampoos & Conditioners
194,80554,80546,/Beauty & Personal Care/Makeup & Cosmetics
195,80577,80554,/Beauty & Personal Care/Makeup & Cosmetics/Eye Makeup
196,80578,80554,/Beauty & Personal Care/Makeup & Cosmetics/Face Makeup
197,80579,80554,/Beauty & Personal Care/Makeup & Cosmetics/Lip Makeup
198,80580,80554,/Beauty & Personal Care/Makeup & Cosmetics/Nail Care Products
199,80437,80546,/Beauty & Personal Care/Perfumes & Fragrances
200,80987,80546,/Beauty & Personal Care/Razors & Shavers
201,80555,80546,/Beauty & Personal Care/Skin Care Products
202,80581,80555,/Beauty & Personal Care/Skin Care Products/Anti-Aging Skin Care Products
203,80583,80555,/Beauty & Personal Care/Skin Care Products/Face Lotions & Moisturizers
204,80582,80555,/Beauty & Personal Care/Skin Care Products/Facial Cleansers & Makeup Removers
205,80584,80555,/Beauty & Personal Care/Skin Care Products/Skin Care Tools & Devices
206,80556,80546,/Beauty & Personal Care/Spas & Beauty Services
207,80586,80556,/Beauty & Personal Care/Spas & Beauty Services/Facial & Skin Treatments
208,80588,80556,/Beauty & Personal Care/Spas & Beauty Services/Hair Removal Services
209,80587,80556,/Beauty & Personal Care/Spas & Beauty Services/Manicures & Pedicures
210,80585,80556,/Beauty & Personal Care/Spas & Beauty Services/Massage Therapy
211,80553,80546,/Beauty & Personal Care/Tanning & Sun Care Products
212,80883,0,/Business & Industrial Products
213,80884,80883,/Business & Industrial Products/Food Service Equipment
214,80885,80883,/Business & Industrial Products/Material Handling Equipment
215,80886,80883,/Business & Industrial Products/Signage
216,80887,80883,/Business & Industrial Products/Work Safety Protective Gear
217,80463,0,/Business Services
218,80517,80463,/Business Services/Advertising & Marketing Services
219,80527,80517,/Business Services/Advertising & Marketing Services/Direct Mail Marketing Services
220,80528,80517,/Business Services/Advertising & Marketing Services/Email Marketing Services
221,80529,80517,/Business Services/Advertising & Marketing Services/SEO & SEM Services
222,80518,80463,/Business Services/Business Financial Services
223,80519,80463,/Business Services/Business Printing & Document Services
224,80520,80463,/Business Services/Business Technology
225,80530,80520,/Business Services/Business Technology/Enterprise Software
226,80535,80530,/Business Services/Business Technology/Enterprise Software/CRM Solutions
227,80534,80530,/Business Services/Business Technology/Enterprise Software/Collaboration & Conferencing Tools
228,80536,80530,/Business Services/Business Technology/Enterprise Software/ERP Solutions
229,80537,80530,/Business Services/Business Technology/Enterprise Software/Helpdesk & Customer Support Solutions
230,80531,80520,/Business Services/Business Technology/Network Systems & Services
231,80538,80531,/Business Services/Business Technology/Network Systems & Services/Hosted Data & Cloud Storage
232,80539,80531,/Business Services/Business Technology/Network Systems & Services/Network & Enterprise Security
233,80540,80531,/Business Services/Business Technology/Network Systems & Services/Network Equipment & Virtualization
234,80541,80531,/Business Services/Business Technology/Network Systems & Services/Network Management
235,80532,80520,/Business Services/Business Technology/Web Services
236,80542,80532,/Business Services/Business Technology/Web Services/Domain Registration
237,80543,80532,/Business Services/Business Technology/Web Services/Web Design & Development
238,80544,80532,/Business Services/Business Technology/Web Services/Web Hosting
239,80521,80463,/Business Services/Corporate Event Planning
240,80522,80463,/Business Services/Office Supplies
241,80533,80522,/Business Services/Office Supplies/Office Furniture
242,80523,80463,/Business Services/Payment Processing & Merchant Services
243,80524,80463,/Business Services/Payroll Services
244,80525,80463,/Business Services/Physical Security & Access Control
245,80526,80463,/Business Services/Staffing & Recruitment Services
246,80193,0,/Computers & Peripherals
247,80195,80193,/Computers & Peripherals/Computer Accessories & Components
248,80200,80195,/Computers & Peripherals/Computer Accessories & Components/Computer Monitors
249,80201,80195,/Computers & Peripherals/Computer Accessories & Components/Memory & Storage
250,81005,80195,/Computers & Peripherals/Computer Accessories & Components/Webcams
251,80194,80193,/Computers & Peripherals/Computers
252,80197,80194,/Computers & Peripherals/Computers/Desktop Computers
253,80198,80194,/Computers & Peripherals/Computers/Laptops & Notebooks
254,80199,80194,/Computers & Peripherals/Computers/Tablets & Ultraportable Devices
255,80196,80193,"/Computers & Peripherals/Printers, Scanners & Faxes"
256,80207,0,/Consumer Electronics
257,80210,80207,/Consumer Electronics/Audio
258,80218,80210,/Consumer Electronics/Audio/Car Audio
259,80888,80210,/Consumer Electronics/Audio/Headphones & Headsets
260,80219,80210,/Consumer Electronics/Audio/MP3 Players
261,80220,80210,/Consumer Electronics/Audio/Pro Musician & DJ Equipment
262,80221,80210,/Consumer Electronics/Audio/Speakers
263,80222,80210,/Consumer Electronics/Audio/Stereo Systems
264,80890,80207,/Consumer Electronics/Batteries
265,80209,80207,/Consumer Electronics/Camcorders
266,80208,80207,/Consumer Electronics/Cameras
267,80223,80208,/Consumer Electronics/Cameras/Camera Lenses
268,80224,80208,/Consumer Electronics/Cameras/Digital SLRs
269,80225,80208,/Consumer Electronics/Cameras/Point & Shoots
270,80212,80207,/Consumer Electronics/DVD & Blu-Ray Players
271,80214,80207,/Consumer Electronics/GPS & Navigation
272,80244,80207,/Consumer Electronics/Game Consoles
273,80245,80244,/Consumer Electronics/Game Consoles/Nintendo Consoles
274,80246,80244,/Consumer Electronics/Game Consoles/Sony PlayStation
275,80247,80244,/Consumer Electronics/Game Consoles/Xbox
276,80995,80207,/Consumer Electronics/Gaming Peripherals & Accessories
277,80213,80207,/Consumer Electronics/Home Theater Systems
278,80889,80207,/Consumer Electronics/Mobile Phone Accessories
279,80286,80207,/Consumer Electronics/Mobile Phones
280,80691,80286,/Consumer Electronics/Mobile Phones/Android Phones
281,80692,80286,/Consumer Electronics/Mobile Phones/iOS Phones
282,80934,80207,/Consumer Electronics/Power Adapters & Chargers
283,80211,80207,/Consumer Electronics/Televisions
284,80216,80211,/Consumer Electronics/Televisions/HDTVs
285,80215,80211,/Consumer Electronics/Televisions/LCD TVs
286,80217,80211,/Consumer Electronics/Televisions/Plasma TVs
287,80592,0,/Dating Services
288,80226,0,/Education
289,80998,80226,/Education/Educational Resources (Preschool & Kindergarten)
290,80999,80226,/Education/Educational Resources (Primary School)
291,81000,80226,/Education/Educational Resources (Secondary School)
292,80227,80226,/Education/Foreign Language Study
293,80994,80226,/Education/Open Online Courses
294,80228,80226,/Education/Post-Secondary Education
295,80232,80228,/Education/Post-Secondary Education/Arts & Design Education
296,80233,80228,/Education/Post-Secondary Education/Business Education
297,80285,80228,/Education/Post-Secondary Education/Cosmetology Education & Training
298,80234,80228,/Education/Post-Secondary Education/Health Care Education
299,80236,80234,/Education/Post-Secondary Education/Health Care Education/Nursing Education
300,80997,80228,/Education/Post-Secondary Education/Legal Education
301,81001,80228,/Education/Post-Secondary Education/Science Education
302,80235,80228,/Education/Post-Secondary Education/Technology Education
303,80229,80226,/Education/Primary & Secondary Schools (K-12)
304,80230,80226,/Education/Study Abroad Programs
305,80231,80226,/Education/Test Preparation & Tutoring
306,80412,0,/Employment
307,80413,80412,/Employment/Accounting & Finance Jobs
308,80982,80412,/Employment/Agriculture Jobs
309,80425,80412,/Employment/Career Consulting Services
310,80414,80412,/Employment/Clerical & Administrative Jobs
311,80980,80412,/Employment/Construction Jobs
312,80415,80412,/Employment/Education Jobs
313,80416,80412,/Employment/Executive & Management Jobs
314,80417,80412,/Employment/Government & Public Sector Jobs
315,80418,80412,/Employment/Health & Medical Jobs
316,80419,80412,/Employment/IT & Technical Jobs
317,80424,80412,/Employment/Internships
318,80420,80412,/Employment/Legal Jobs
319,81002,80412,/Employment/Leisure & Hospitality Jobs
320,80981,80412,/Employment/Manufacturing Jobs
321,80426,80412,/Employment/Resumes & Portfolios
322,80421,80412,/Employment/Retail Jobs
323,80422,80412,/Employment/Sales & Marketing Jobs
324,80423,80412,/Employment/Temporary & Seasonal Jobs
325,80983,80412,/Employment/Transportation & Utilities Jobs
326,80593,0,/Event Tickets
327,80597,80593,/Event Tickets/Concert & Music Festival Tickets
328,80595,80593,/Event Tickets/Performing Arts Tickets
329,80596,80595,/Event Tickets/Performing Arts Tickets/Broadway & Theater Tickets
330,80598,80593,/Event Tickets/Sports Tickets
331,80599,80598,/Event Tickets/Sports Tickets/American Football Tickets
332,80600,80598,/Event Tickets/Sports Tickets/Baseball Tickets
333,80601,80598,/Event Tickets/Sports Tickets/Basketball Tickets
334,80602,80598,/Event Tickets/Sports Tickets/Hockey Tickets
335,80603,80598,/Event Tickets/Sports Tickets/Soccer Tickets
336,80130,0,/Financial Services
337,80132,80130,/Financial Services/Banking Services
338,80142,80132,/Financial Services/Banking Services/Debit & Checking Services
339,80409,80132,/Financial Services/Banking Services/Savings Accounts
340,80135,80130,/Financial Services/Credit & Lending
341,80140,80135,/Financial Services/Credit & Lending/Auto Loans
342,80138,80135,/Financial Services/Credit & Lending/Business Loans
343,80141,80135,/Financial Services/Credit & Lending/Credit Cards
344,80410,80135,/Financial Services/Credit & Lending/Credit Reports & Monitoring Services
345,80136,80135,/Financial Services/Credit & Lending/Mortgage
346,80411,80136,/Financial Services/Credit & Lending/Mortgage/Home Equity Loans
347,80153,80136,/Financial Services/Credit & Lending/Mortgage/Home Purchase Loans
348,80152,80136,/Financial Services/Credit & Lending/Mortgage/Mortgage Refinancing
349,80139,80135,/Financial Services/Credit & Lending/Personal Loans
350,80192,80135,/Financial Services/Credit & Lending/Student Loans
351,80133,80130,/Financial Services/Financial Planning
352,80150,80133,/Financial Services/Financial Planning/Estate Planning
353,80151,80133,/Financial Services/Financial Planning/Retirement Planning
354,80134,80130,/Financial Services/Insurance
355,80143,80134,/Financial Services/Insurance/Auto Insurance
356,80144,80134,/Financial Services/Insurance/Health Insurance
357,80191,80134,/Financial Services/Insurance/Home Insurance
358,80145,80134,/Financial Services/Insurance/Life Insurance
359,80146,80134,/Financial Services/Insurance/Travel Insurance
360,80149,80130,/Financial Services/Investment Services
361,80137,80130,/Financial Services/Tax Preparation Services & Software
362,80891,0,/Food
363,80892,80891,/Food/Baked Goods
364,80894,80891,/Food/Candy & Chocolate
365,80895,80891,/Food/Condiments & Sauces
366,80893,80891,/Food/Cooking & Baking Ingredients
367,80975,80891,/Food/Dairy & Eggs
368,80973,80891,/Food/Fast Food Meals
369,80969,80891,/Food/Grocery Delivery
370,80972,80891,/Food/Meal Kits
371,80974,80891,/Food/Pizza
372,80976,80891,/Food/Produce & Farm Boxes
373,80970,80891,/Food/Restaurant Delivery & Takeout
374,80464,0,/Gifts & Occasions
375,80507,80464,/Gifts & Occasions/Flowers
376,80508,80464,/Gifts & Occasions/Gift Baskets
377,80503,80464,/Gifts & Occasions/Holiday Items & Decorations
378,80509,80503,/Gifts & Occasions/Holiday Items & Decorations/Christmas Items & Decor
379,80510,80503,/Gifts & Occasions/Holiday Items & Decorations/Halloween Items & Decor
380,80511,80503,/Gifts & Occasions/Holiday Items & Decorations/Valentine's Day Items & Decor
381,80504,80464,/Gifts & Occasions/Party Supplies & Planning
382,80512,80504,/Gifts & Occasions/Party Supplies & Planning/Event Planning Services
383,80513,80504,/Gifts & Occasions/Party Supplies & Planning/Party Supplies
384,80505,80464,/Gifts & Occasions/Personalized Gifts
385,80506,80464,/Gifts & Occasions/Photo & Video Services
386,80515,80506,/Gifts & Occasions/Photo & Video Services/Event Photographers & Studios
387,80516,80506,/Gifts & Occasions/Photo & Video Services/Photo Printing Services
388,80404,80464,/Gifts & Occasions/Wedding Planning
389,80237,0,/Home & Garden
390,80915,80237,/Home & Garden/Cookware & Bakeware
391,80944,80237,/Home & Garden/Food & Beverage Containers
392,80483,80237,/Home & Garden/Home & Garden Services
393,80484,80483,/Home & Garden/Home & Garden Services/Architectural Services
394,80485,80483,/Home & Garden/Home & Garden Services/Carpet Installation
395,80486,80483,/Home & Garden/Home & Garden Services/Door & Window Installation
396,80487,80483,/Home & Garden/Home & Garden Services/Electrician Services
397,80488,80483,/Home & Garden/Home & Garden Services/Flooring Services
398,80489,80483,/Home & Garden/Home & Garden Services/Foundation Repair
399,80490,80483,/Home & Garden/Home & Garden Services/General Contracting & Remodeling Services
400,80491,80483,/Home & Garden/Home & Garden Services/Home Cleaning Services
401,80492,80483,/Home & Garden/Home & Garden Services/Home Inspection Services
402,80493,80483,/Home & Garden/Home & Garden Services/Interior Design & Decorating Services
403,80494,80483,/Home & Garden/Home & Garden Services/Landscape Design
404,80495,80483,/Home & Garden/Home & Garden Services/Lawn & Garden Maintenance
405,80496,80483,/Home & Garden/Home & Garden Services/Locksmith Services
406,80497,80483,/Home & Garden/Home & Garden Services/Painting Services
407,80498,80483,/Home & Garden/Home & Garden Services/Pest Control Services
408,80499,80483,/Home & Garden/Home & Garden Services/Plumbing Services
409,80500,80483,/Home & Garden/Home & Garden Services/Roofing Services
410,80238,80237,/Home & Garden/Home Appliances
411,80897,80238,/Home & Garden/Home Appliances/Climate Control & Air Quality
412,80898,80897,/Home & Garden/Home Appliances/Climate Control & Air Quality/Air Conditioners
413,80984,80897,/Home & Garden/Home Appliances/Climate Control & Air Quality/Air Purifiers
414,80899,80897,/Home & Garden/Home Appliances/Climate Control & Air Quality/Fans
415,80260,80238,/Home & Garden/Home Appliances/Cooking Ranges & Stoves
416,80258,80238,/Home & Garden/Home Appliances/Dishwashers
417,81003,80238,/Home & Garden/Home Appliances/Freezers
418,80900,80238,/Home & Garden/Home Appliances/Kitchen Appliance Accessories
419,80901,80900,/Home & Garden/Home Appliances/Kitchen Appliance Accessories/Coffee Maker & Espresso Machine Accessories
420,80902,80900,/Home & Garden/Home Appliances/Kitchen Appliance Accessories/Mixer & Blender Accessories
421,80903,80900,/Home & Garden/Home Appliances/Kitchen Appliance Accessories/Refrigerator Accessories
422,80262,80238,/Home & Garden/Home Appliances/Microwaves
423,80259,80238,/Home & Garden/Home Appliances/Refrigerators
424,80265,80238,/Home & Garden/Home Appliances/Small Appliances
425,81004,80265,/Home & Garden/Home Appliances/Small Appliances/Bread Makers
426,80274,80265,/Home & Garden/Home Appliances/Small Appliances/Coffee & Espresso Makers
427,80272,80265,/Home & Garden/Home Appliances/Small Appliances/Juicers & Blenders
428,80273,80265,/Home & Garden/Home Appliances/Small Appliances/Mixers
429,80261,80238,/Home & Garden/Home Appliances/Vacuums
430,80257,80238,/Home & Garden/Home Appliances/Washers & Dryers
431,80239,80237,/Home & Garden/Home Decor
432,80904,80239,/Home & Garden/Home Decor/Bedding
433,80947,80904,/Home & Garden/Home Decor/Bedding/Bed Sheets
434,80948,80904,/Home & Garden/Home Decor/Bedding/Mattress Pads & Protectors
435,80946,80904,/Home & Garden/Home Decor/Bedding/Quilts & Comforters
436,80255,80239,/Home & Garden/Home Decor/Curtains & Window Treatments
437,80905,80255,/Home & Garden/Home Decor/Curtains & Window Treatments/Curtains & Drapes
438,80906,80255,/Home & Garden/Home Decor/Curtains & Window Treatments/Window Blinds & Shades
439,80876,80239,/Home & Garden/Home Decor/Fine Art
440,80256,80239,/Home & Garden/Home Decor/Fireplaces
441,80986,80239,/Home & Garden/Home Decor/House Plants
442,80275,80239,/Home & Garden/Home Decor/Lights & Fixtures
443,80907,80275,/Home & Garden/Home Decor/Lights & Fixtures/Ceiling Light Fixtures
444,80908,80275,/Home & Garden/Home Decor/Lights & Fixtures/Wall Light Fixtures
445,80909,80239,/Home & Garden/Home Decor/Linens
446,80254,80239,/Home & Garden/Home Decor/Rugs & Carpets
447,80240,80237,/Home & Garden/Home Furnishings
448,80250,80240,/Home & Garden/Home Furnishings/Bedroom
449,80910,80250,/Home & Garden/Home Furnishings/Bedroom/Beds & Bed Frames
450,80911,80250,/Home & Garden/Home Furnishings/Bedroom/Mattresses
451,80251,80240,/Home & Garden/Home Furnishings/Home Office
452,80912,80251,/Home & Garden/Home Furnishings/Home Office/Desks
453,80913,80251,/Home & Garden/Home Furnishings/Home Office/Office Chairs
454,80502,80240,/Home & Garden/Home Furnishings/Home Storage & Shelving
455,80249,80240,/Home & Garden/Home Furnishings/Kitchen & Dining Room
456,80917,80249,/Home & Garden/Home Furnishings/Kitchen & Dining Room/Kitchen & Dining Room Chairs
457,80916,80249,/Home & Garden/Home Furnishings/Kitchen & Dining Room/Kitchen & Dining Room Tables
458,80918,80249,/Home & Garden/Home Furnishings/Kitchen & Dining Room/Stools
459,80248,80240,/Home & Garden/Home Furnishings/Living Room
460,80942,80248,/Home & Garden/Home Furnishings/Living Room/Accent Tables
461,80941,80248,/Home & Garden/Home Furnishings/Living Room/Sofas
462,80252,80240,/Home & Garden/Home Furnishings/Nursery
463,80241,80237,/Home & Garden/Home Improvement
464,80268,80241,/Home & Garden/Home Improvement/Flooring
465,80266,80241,/Home & Garden/Home Improvement/Kitchen & Bathroom Cabinets
466,80267,80241,/Home & Garden/Home Improvement/Kitchen & Bathroom Counters
467,80270,80241,/Home & Garden/Home Improvement/Paint
468,80919,80241,/Home & Garden/Home Improvement/Plumbing Fixture Hardware & Parts
469,80269,80241,/Home & Garden/Home Improvement/Plumbing Fixtures
470,80920,80241,/Home & Garden/Home Improvement/Power & Electrical Supplies
471,80271,80241,/Home & Garden/Home Improvement/Tools
472,80921,80271,/Home & Garden/Home Improvement/Tools/Measuring Tools & Sensors
473,80242,80237,/Home & Garden/Home Security
474,80922,80237,/Home & Garden/Household Supplies
475,80990,80922,/Home & Garden/Household Supplies/Hand Sanitizers
476,80923,80922,/Home & Garden/Household Supplies/Household Cleaning Supplies
477,80924,80922,/Home & Garden/Household Supplies/Pest Control Supplies
478,80945,80237,/Home & Garden/Kitchen Tools & Utensils
479,80501,80237,/Home & Garden/Outdoor Items
480,80925,80501,/Home & Garden/Outdoor Items/BBQ & Grill Accessories
481,80264,80501,/Home & Garden/Outdoor Items/BBQs & Grills
482,80253,80501,/Home & Garden/Outdoor Items/Garden & Outdoor Furniture
483,80926,80253,/Home & Garden/Outdoor Items/Garden & Outdoor Furniture/Outdoor Furniture Sets
484,80927,80501,/Home & Garden/Outdoor Items/Garden Sheds & Outdoor Structures
485,80896,80501,/Home & Garden/Outdoor Items/Lawn Care & Gardening Supplies
486,80263,80501,/Home & Garden/Outdoor Items/Lawn Mowers
487,80978,80501,/Home & Garden/Outdoor Items/Outside Toys & Play Equipment
488,80243,80501,/Home & Garden/Outdoor Items/Pools & Spas
489,80873,80237,/Home & Garden/Pet Supplies
490,80936,80873,/Home & Garden/Pet Supplies/Cat Food & Supplies
491,80935,80873,/Home & Garden/Pet Supplies/Dog Food & Supplies
492,80914,80237,/Home & Garden/Tableware
493,80985,80237,/Home & Garden/Water Purifiers
494,80928,0,/Media & Entertainment
495,80932,80928,/Media & Entertainment/Audio Streaming Subscription Services
496,81006,80928,/Media & Entertainment/Board Games
497,80929,80928,/Media & Entertainment/Books
498,80930,80928,/Media & Entertainment/DVDs & Videos
499,81007,80928,/Media & Entertainment/Movies on Demand
500,81008,80928,/Media & Entertainment/Pay-per-View Sporting Events
501,80933,80928,/Media & Entertainment/TV & Video Streaming Subscription Services
502,80992,80928,/Media & Entertainment/Video Game Streaming Services
503,80931,80928,/Media & Entertainment/Video Games
504,80875,0,/Musical Instruments & Accessories
505,80950,0,/Political Causes (US Elections)
506,80951,80950,/Political Causes (US Elections)/Political Contributions (Left-Leaning US Candidates & Causes)
507,80952,80950,/Political Causes (US Elections)/Political Contributions (Right-Leaning US Candidates & Causes)
508,80953,80950,/Political Causes (US Elections)/Political Volunteering (Left-Leaning US Candidates & Causes)
509,80954,80950,/Political Causes (US Elections)/Political Volunteering (Right-Leaning US Candidates & Causes)
510,80131,0,/Real Estate
511,80204,80131,/Real Estate/Commercial Properties
512,80161,80204,/Real Estate/Commercial Properties/Commercial Properties (For Rent)
513,80158,80204,/Real Estate/Commercial Properties/Commercial Properties (For Sale)
514,80403,80131,/Real Estate/Moving & Relocation
515,80205,80131,/Real Estate/Residential Properties
516,80155,80205,/Real Estate/Residential Properties/Residential Properties (For Rent)
517,80160,80155,/Real Estate/Residential Properties/Residential Properties (For Rent)/Apartments (For Rent)
518,80162,80160,/Real Estate/Residential Properties/Residential Properties (For Rent)/Apartments (For Rent)/Furnished Apartments
519,80163,80160,/Real Estate/Residential Properties/Residential Properties (For Rent)/Apartments (For Rent)/Unfurnished Apartments
520,80159,80155,/Real Estate/Residential Properties/Residential Properties (For Rent)/Houses (For Rent)
521,80157,80205,/Real Estate/Residential Properties/Residential Properties (For Sale)
522,80203,80157,/Real Estate/Residential Properties/Residential Properties (For Sale)/Apartments (For Sale)
523,80167,80203,/Real Estate/Residential Properties/Residential Properties (For Sale)/Apartments (For Sale)/New Apartments (For Sale)
524,80165,80203,/Real Estate/Residential Properties/Residential Properties (For Sale)/Apartments (For Sale)/Preowned Apartments (For Sale)
525,80168,80157,/Real Estate/Residential Properties/Residential Properties (For Sale)/Foreclosed Properties (For Sale)
526,80202,80157,/Real Estate/Residential Properties/Residential Properties (For Sale)/Houses (For Sale)
527,80166,80202,/Real Estate/Residential Properties/Residential Properties (For Sale)/Houses (For Sale)/New Houses (For Sale)
528,80164,80202,/Real Estate/Residential Properties/Residential Properties (For Sale)/Houses (For Sale)/Preowned Houses (For Sale)
529,80955,0,/Seasonal Shopping
530,80956,80955,/Seasonal Shopping/Back-to-School Shopping
531,80963,80956,/Seasonal Shopping/Back-to-School Shopping/Back-to-School Apparel & Accessories
532,80962,80956,/Seasonal Shopping/Back-to-School Shopping/School Supplies
533,80957,80955,/Seasonal Shopping/Black Friday Shopping
534,80965,80957,/Seasonal Shopping/Black Friday Shopping/In-Store Black Friday Shopping
535,80964,80957,/Seasonal Shopping/Black Friday Shopping/Online Black Friday Shopping
536,80958,80955,/Seasonal Shopping/Christmas Shopping
537,80968,80958,/Seasonal Shopping/Christmas Shopping/After-Christmas Sale Shopping
538,80967,80958,/Seasonal Shopping/Christmas Shopping/In-Store Christmas Shopping
539,80966,80958,/Seasonal Shopping/Christmas Shopping/Online Christmas Shopping
540,80971,80955,/Seasonal Shopping/Father's Day Shopping
541,80959,80955,/Seasonal Shopping/Mother's Day Shopping
542,80960,80959,/Seasonal Shopping/Mother's Day Shopping/Mother's Day Dining
543,80961,80959,/Seasonal Shopping/Mother's Day Shopping/Mother's Day Flowers & Greeting Cards
544,80276,0,/Software
545,80281,80276,/Software/Accounting Software
546,80277,80276,/Software/Antivirus & Security Software
547,80278,80276,/Software/Audio & Music Software
548,80279,80276,/Software/Business & Productivity Software
549,80280,80276,/Software/Design Software
550,80283,80280,/Software/Design Software/Drawing & Animation Software
551,80284,80280,/Software/Design Software/Photo Software
552,80996,80276,/Software/Video Chat Software
553,80282,80276,/Software/Video Editing & Production Software
554,80545,0,/Sports & Fitness
555,80548,80545,/Sports & Fitness/Fitness Products & Services
556,80559,80548,/Sports & Fitness/Fitness Products & Services/Exercise Equipment
557,80589,80559,/Sports & Fitness/Fitness Products & Services/Exercise Equipment/Cardio Training Equipment
558,80590,80559,/Sports & Fitness/Fitness Products & Services/Exercise Equipment/Fitness Technology Products
559,80591,80559,/Sports & Fitness/Fitness Products & Services/Exercise Equipment/Weights & Strength Training Equipment
560,80560,80548,/Sports & Fitness/Fitness Products & Services/Fitness Classes & Personal Training Services
561,80977,80560,/Sports & Fitness/Fitness Products & Services/Fitness Classes & Personal Training Services/Online Fitness Classes
562,80561,80548,/Sports & Fitness/Fitness Products & Services/Gyms & Athletic Clubs
563,80943,80548,/Sports & Fitness/Fitness Products & Services/Nutrition Drinks & Shakes
564,80549,80545,/Sports & Fitness/Outdoor Recreational Equipment
565,80562,80549,/Sports & Fitness/Outdoor Recreational Equipment/Camping & Hiking Equipment
566,80563,80549,/Sports & Fitness/Outdoor Recreational Equipment/Fishing Equipment
567,80564,80549,/Sports & Fitness/Outdoor Recreational Equipment/Hunting & Shooting Supplies
568,80550,80545,/Sports & Fitness/Sporting Goods
569,80565,80550,/Sports & Fitness/Sporting Goods/American Football Equipment
570,80566,80550,/Sports & Fitness/Sporting Goods/Baseball Equipment
571,80567,80550,/Sports & Fitness/Sporting Goods/Basketball Equipment
572,80568,80550,/Sports & Fitness/Sporting Goods/Combat Sports Equipment
573,80569,80550,/Sports & Fitness/Sporting Goods/Golf Equipment
574,80570,80550,/Sports & Fitness/Sporting Goods/Hockey Equipment
575,80571,80550,/Sports & Fitness/Sporting Goods/Skateboarding Equipment
576,80572,80550,/Sports & Fitness/Sporting Goods/Soccer Equipment
577,80573,80550,/Sports & Fitness/Sporting Goods/Tennis Equipment
578,80574,80550,/Sports & Fitness/Sporting Goods/Volleyball Equipment
579,80575,80550,/Sports & Fitness/Sporting Goods/Water Activities Equipment & Accessories
580,80576,80550,/Sports & Fitness/Sporting Goods/Winter Sports Equipment & Accessories
581,80303,0,/Telecom
582,80304,80303,/Telecom/Cable & Satellite TV Providers
583,80305,80303,/Telecom/Internet Service Providers
584,80306,80303,/Telecom/Mobile Phone Service Providers
585,80287,0,/Travel
586,80288,80287,/Travel/Air Travel
587,80393,80288,/Travel/Air Travel/Air Travel by Class
588,80397,80393,/Travel/Air Travel/Air Travel by Class/Business & First Class
589,80398,80393,/Travel/Air Travel/Air Travel by Class/Economy Class
590,80394,80288,/Travel/Air Travel/Air Travel by Destination
591,80604,80287,/Travel/Bus & Rail Travel
592,80289,80287,/Travel/Car Rental
593,80405,80289,"/Travel/Car Rental/Economy, Compact & Mid-size Car Rental"
594,80406,80289,/Travel/Car Rental/Full-size & Standard Car Rental
595,80407,80289,"/Travel/Car Rental/Luxury, Convertible & Specialty Car Rental"
596,80408,80289,/Travel/Car Rental/Minivan & SUV Rental
597,80290,80287,/Travel/Cruises
598,80291,80287,/Travel/Hotels & Accommodations
599,80395,80291,/Travel/Hotels & Accommodations/Hotels by Location
600,80396,80291,/Travel/Hotels & Accommodations/Hotels by Star Rating
601,80399,80396,/Travel/Hotels & Accommodations/Hotels by Star Rating/1 & 2 Star Hotels
602,80400,80396,/Travel/Hotels & Accommodations/Hotels by Star Rating/3 Star Hotels
603,80401,80396,/Travel/Hotels & Accommodations/Hotels by Star Rating/4 Star Hotels
604,80402,80396,/Travel/Hotels & Accommodations/Hotels by Star Rating/5 Star Hotels
605,80465,80291,/Travel/Hotels & Accommodations/Vacation Rentals
606,80865,80287,/Travel/Sightseeing Tours & Tourist Attractions
607,80605,80287,/Travel/Trips by Destination
608,80606,80605,/Travel/Trips by Destination/Trips to Asia-Pacific
609,80695,80606,/Travel/Trips by Destination/Trips to Asia-Pacific/Trips to Australia
610,80696,80695,/Travel/Trips by Destination/Trips to Asia-Pacific/Trips to Australia/Trips to Brisbane
611,80619,80695,/Travel/Trips by Destination/Trips to Asia-Pacific/Trips to Australia/Trips to Melbourne
612,80697,80695,/Travel/Trips by Destination/Trips to Asia-Pacific/Trips to Australia/Trips to Perth
613,80626,80695,/Travel/Trips by Destination/Trips to Asia-Pacific/Trips to Australia/Trips to Sydney
614,80698,80606,/Travel/Trips by Destination/Trips to Asia-Pacific/Trips to China
615,80613,80698,/Travel/Trips by Destination/Trips to Asia-Pacific/Trips to China/Trips to Beijing
616,80325,80613,/Travel/Trips by Destination/Trips to Asia-Pacific/Trips to China/Trips to Beijing/Beijing (Air Travel Destination)
617,80360,80613,/Travel/Trips by Destination/Trips to Asia-Pacific/Trips to China/Trips to Beijing/Beijing (Hotel Location)
618,80699,80698,/Travel/Trips by Destination/Trips to Asia-Pacific/Trips to China/Trips to Chengdu
619,80700,80698,/Travel/Trips by Destination/Trips to Asia-Pacific/Trips to China/Trips to Guangzhou
620,80624,80698,/Travel/Trips by Destination/Trips to Asia-Pacific/Trips to China/Trips to Shanghai
621,80353,80624,/Travel/Trips by Destination/Trips to Asia-Pacific/Trips to China/Trips to Shanghai/Shanghai (Air Travel Destination)
622,80388,80624,/Travel/Trips by Destination/Trips to Asia-Pacific/Trips to China/Trips to Shanghai/Shanghai (Hotel Location)
623,80615,80606,/Travel/Trips by Destination/Trips to Asia-Pacific/Trips to Hong Kong
624,80616,80606,/Travel/Trips by Destination/Trips to Asia-Pacific/Trips to India
625,80701,80616,/Travel/Trips by Destination/Trips to Asia-Pacific/Trips to India/Trips to Ahmedabad
626,80702,80616,/Travel/Trips by Destination/Trips to Asia-Pacific/Trips to India/Trips to Bangalore
627,80704,80616,/Travel/Trips by Destination/Trips to Asia-Pacific/Trips to India/Trips to Chennai
628,80706,80616,/Travel/Trips by Destination/Trips to Asia-Pacific/Trips to India/Trips to Delhi
629,80707,80616,/Travel/Trips by Destination/Trips to Asia-Pacific/Trips to India/Trips to Goa
630,80708,80616,/Travel/Trips by Destination/Trips to Asia-Pacific/Trips to India/Trips to Hyderabad
631,80709,80616,/Travel/Trips by Destination/Trips to Asia-Pacific/Trips to India/Trips to Jaipur
632,80705,80616,/Travel/Trips by Destination/Trips to Asia-Pacific/Trips to India/Trips to Kochi (India)
633,80703,80616,/Travel/Trips by Destination/Trips to Asia-Pacific/Trips to India/Trips to Kolkata
634,80710,80616,/Travel/Trips by Destination/Trips to Asia-Pacific/Trips to India/Trips to Mumbai
635,80711,80616,/Travel/Trips by Destination/Trips to Asia-Pacific/Trips to India/Trips to Pune
636,80712,80606,/Travel/Trips by Destination/Trips to Asia-Pacific/Trips to Indonesia
637,80611,80712,/Travel/Trips by Destination/Trips to Asia-Pacific/Trips to Indonesia/Trips to Bali
638,80713,80712,/Travel/Trips by Destination/Trips to Asia-Pacific/Trips to Indonesia/Trips to Bandung
639,80714,80712,/Travel/Trips by Destination/Trips to Asia-Pacific/Trips to Indonesia/Trips to Jakarta
640,80715,80606,/Travel/Trips by Destination/Trips to Asia-Pacific/Trips to Japan
641,80614,80715,/Travel/Trips by Destination/Trips to Asia-Pacific/Trips to Japan/Trips to Fukuoka
642,80617,80715,/Travel/Trips by Destination/Trips to Asia-Pacific/Trips to Japan/Trips to Kyoto-Osaka-Kobe
643,80620,80715,/Travel/Trips by Destination/Trips to Asia-Pacific/Trips to Japan/Trips to Nagoya
644,80716,80715,/Travel/Trips by Destination/Trips to Asia-Pacific/Trips to Japan/Trips to Okinawa
645,80717,80715,/Travel/Trips by Destination/Trips to Asia-Pacific/Trips to Japan/Trips to Sapporo
646,80628,80715,/Travel/Trips by Destination/Trips to Asia-Pacific/Trips to Japan/Trips to Tokyo
647,80354,80628,/Travel/Trips by Destination/Trips to Asia-Pacific/Trips to Japan/Trips to Tokyo/Tokyo (Air Travel Destination)
648,80389,80628,/Travel/Trips by Destination/Trips to Asia-Pacific/Trips to Japan/Trips to Tokyo/Tokyo (Hotel Location)
649,80618,80606,/Travel/Trips by Destination/Trips to Asia-Pacific/Trips to Malaysia
650,80718,80618,/Travel/Trips by Destination/Trips to Asia-Pacific/Trips to Malaysia/Trips to Kuala Lumpur
651,80719,80618,/Travel/Trips by Destination/Trips to Asia-Pacific/Trips to Malaysia/Trips to Penang
652,80720,80606,/Travel/Trips by Destination/Trips to Asia-Pacific/Trips to Nepal
653,80621,80606,/Travel/Trips by Destination/Trips to Asia-Pacific/Trips to New Zealand
654,80623,80606,/Travel/Trips by Destination/Trips to Asia-Pacific/Trips to Seoul
655,80625,80606,/Travel/Trips by Destination/Trips to Asia-Pacific/Trips to Singapore
656,80721,80606,/Travel/Trips by Destination/Trips to Asia-Pacific/Trips to Sri Lanka
657,80627,80606,/Travel/Trips by Destination/Trips to Asia-Pacific/Trips to Taipei
658,80722,80606,/Travel/Trips by Destination/Trips to Asia-Pacific/Trips to Thailand
659,80612,80722,/Travel/Trips by Destination/Trips to Asia-Pacific/Trips to Thailand/Trips to Bangkok
660,80723,80722,/Travel/Trips by Destination/Trips to Asia-Pacific/Trips to Thailand/Trips to Chiang Mai
661,80724,80722,/Travel/Trips by Destination/Trips to Asia-Pacific/Trips to Thailand/Trips to Phuket
662,80629,80606,/Travel/Trips by Destination/Trips to Asia-Pacific/Trips to Vietnam
663,80725,80629,/Travel/Trips by Destination/Trips to Asia-Pacific/Trips to Vietnam/Trips to Hanoi
664,80726,80629,/Travel/Trips by Destination/Trips to Asia-Pacific/Trips to Vietnam/Trips to Ho Chi Minh City
665,80622,80606,/Travel/Trips by Destination/Trips to Asia-Pacific/Trips to the Philippines
666,80607,80605,/Travel/Trips by Destination/Trips to Europe
667,80630,80607,/Travel/Trips by Destination/Trips to Europe/Trips to Amsterdam
668,80727,80607,/Travel/Trips by Destination/Trips to Europe/Trips to Brussels
669,80634,80607,/Travel/Trips by Destination/Trips to Europe/Trips to Croatia
670,80728,80607,/Travel/Trips by Destination/Trips to Europe/Trips to Denmark
671,80729,80728,/Travel/Trips by Destination/Trips to Europe/Trips to Denmark/Trips to Copenhagen
672,80730,80607,/Travel/Trips by Destination/Trips to Europe/Trips to France
673,80731,80730,/Travel/Trips by Destination/Trips to Europe/Trips to France/Trips to Bordeaux
674,80732,80730,/Travel/Trips by Destination/Trips to Europe/Trips to France/Trips to Lyon
675,80733,80730,/Travel/Trips by Destination/Trips to Europe/Trips to France/Trips to Marseille
676,80734,80730,/Travel/Trips by Destination/Trips to Europe/Trips to France/Trips to Nice
677,80641,80730,/Travel/Trips by Destination/Trips to Europe/Trips to France/Trips to Paris
678,80344,80641,/Travel/Trips by Destination/Trips to Europe/Trips to France/Trips to Paris/Paris (Air Travel Destination)
679,80379,80641,/Travel/Trips by Destination/Trips to Europe/Trips to France/Trips to Paris/Paris (Hotel Location)
680,80735,80730,/Travel/Trips by Destination/Trips to Europe/Trips to France/Trips to Toulouse
681,80736,80607,/Travel/Trips by Destination/Trips to Europe/Trips to Germany
682,80632,80736,/Travel/Trips by Destination/Trips to Europe/Trips to Germany/Trips to Berlin
683,80737,80736,/Travel/Trips by Destination/Trips to Europe/Trips to Germany/Trips to Cologne
684,80738,80736,/Travel/Trips by Destination/Trips to Europe/Trips to Germany/Trips to Dusseldorf
685,80635,80736,/Travel/Trips by Destination/Trips to Europe/Trips to Germany/Trips to Frankfurt
686,80739,80736,/Travel/Trips by Destination/Trips to Europe/Trips to Germany/Trips to Hamburg
687,80740,80736,/Travel/Trips by Destination/Trips to Europe/Trips to Germany/Trips to Munich
688,80741,80736,/Travel/Trips by Destination/Trips to Europe/Trips to Germany/Trips to Stuttgart
689,80636,80607,/Travel/Trips by Destination/Trips to Europe/Trips to Greece
690,80742,80607,/Travel/Trips by Destination/Trips to Europe/Trips to Helsinki
691,80743,80607,/Travel/Trips by Destination/Trips to Europe/Trips to Hungary
692,80744,80743,/Travel/Trips by Destination/Trips to Europe/Trips to Hungary/Trips to Budapest
693,80745,80607,/Travel/Trips by Destination/Trips to Europe/Trips to Iceland
694,80637,80607,/Travel/Trips by Destination/Trips to Europe/Trips to Ireland
695,80746,80637,/Travel/Trips by Destination/Trips to Europe/Trips to Ireland/Trips to Dublin
696,80747,80607,/Travel/Trips by Destination/Trips to Europe/Trips to Italy
697,80748,80747,/Travel/Trips by Destination/Trips to Europe/Trips to Italy/Trips to Bologna
698,80749,80747,/Travel/Trips by Destination/Trips to Europe/Trips to Italy/Trips to Florence
699,80750,80747,/Travel/Trips by Destination/Trips to Europe/Trips to Italy/Trips to Milan
700,80751,80747,/Travel/Trips by Destination/Trips to Europe/Trips to Italy/Trips to Naples
701,80643,80747,/Travel/Trips by Destination/Trips to Europe/Trips to Italy/Trips to Rome
702,80348,80643,/Travel/Trips by Destination/Trips to Europe/Trips to Italy/Trips to Rome/Rome (Air Travel Destination)
703,80383,80643,/Travel/Trips by Destination/Trips to Europe/Trips to Italy/Trips to Rome/Rome (Hotel Location)
704,80752,80747,/Travel/Trips by Destination/Trips to Europe/Trips to Italy/Trips to Sicily
705,80753,80747,/Travel/Trips by Destination/Trips to Europe/Trips to Italy/Trips to Venice
706,80754,80607,/Travel/Trips by Destination/Trips to Europe/Trips to Kiev
707,80755,80607,/Travel/Trips by Destination/Trips to Europe/Trips to Malta
708,80640,80607,/Travel/Trips by Destination/Trips to Europe/Trips to Moscow
709,80756,80607,/Travel/Trips by Destination/Trips to Europe/Trips to Oslo
710,80757,80607,/Travel/Trips by Destination/Trips to Europe/Trips to Poland
711,80758,80757,/Travel/Trips by Destination/Trips to Europe/Trips to Poland/Trips to Krakow
712,80759,80757,/Travel/Trips by Destination/Trips to Europe/Trips to Poland/Trips to Warsaw
713,80760,80607,/Travel/Trips by Destination/Trips to Europe/Trips to Portugal
714,80761,80760,/Travel/Trips by Destination/Trips to Europe/Trips to Portugal/Trips to Faro
715,80762,80760,/Travel/Trips by Destination/Trips to Europe/Trips to Portugal/Trips to Lisbon
716,80763,80760,/Travel/Trips by Destination/Trips to Europe/Trips to Portugal/Trips to Porto
717,80642,80607,/Travel/Trips by Destination/Trips to Europe/Trips to Prague
718,80764,80607,/Travel/Trips by Destination/Trips to Europe/Trips to Romania
719,80765,80607,/Travel/Trips by Destination/Trips to Europe/Trips to Sofia
720,80766,80607,/Travel/Trips by Destination/Trips to Europe/Trips to Spain
721,80767,80766,/Travel/Trips by Destination/Trips to Europe/Trips to Spain/Trips to Alicante
722,80631,80766,/Travel/Trips by Destination/Trips to Europe/Trips to Spain/Trips to Barcelona
723,80768,80766,/Travel/Trips by Destination/Trips to Europe/Trips to Spain/Trips to Bilbao
724,80769,80766,/Travel/Trips by Destination/Trips to Europe/Trips to Spain/Trips to Cordoba
725,80770,80766,/Travel/Trips by Destination/Trips to Europe/Trips to Spain/Trips to Granada
726,80639,80766,/Travel/Trips by Destination/Trips to Europe/Trips to Spain/Trips to Madrid
727,80771,80766,/Travel/Trips by Destination/Trips to Europe/Trips to Spain/Trips to Malaga
728,80772,80766,"/Travel/Trips by Destination/Trips to Europe/Trips to Spain/Trips to Mallorca, Ibiza & Balearic Islands"
729,80773,80766,/Travel/Trips by Destination/Trips to Europe/Trips to Spain/Trips to Seville
730,80774,80766,/Travel/Trips by Destination/Trips to Europe/Trips to Spain/Trips to Valencia
731,80633,80766,/Travel/Trips by Destination/Trips to Europe/Trips to Spain/Trips to the Canary Islands
732,80775,80607,/Travel/Trips by Destination/Trips to Europe/Trips to St. Petersburg
733,80777,80607,/Travel/Trips by Destination/Trips to Europe/Trips to Sweden
734,80776,80777,/Travel/Trips by Destination/Trips to Europe/Trips to Sweden/Trips to Stockholm
735,80778,80607,/Travel/Trips by Destination/Trips to Europe/Trips to Switzerland
736,80779,80778,/Travel/Trips by Destination/Trips to Europe/Trips to Switzerland/Trips to Geneva
737,80780,80778,/Travel/Trips by Destination/Trips to Europe/Trips to Switzerland/Trips to Zurich
738,80644,80607,/Travel/Trips by Destination/Trips to Europe/Trips to Turkey
739,80868,80644,/Travel/Trips by Destination/Trips to Europe/Trips to Turkey/Trips to Ankara
740,80786,80644,/Travel/Trips by Destination/Trips to Europe/Trips to Turkey/Trips to Antalya
741,80787,80644,/Travel/Trips by Destination/Trips to Europe/Trips to Turkey/Trips to Istanbul
742,80870,80644,/Travel/Trips by Destination/Trips to Europe/Trips to Turkey/Trips to Izmir
743,80788,80607,/Travel/Trips by Destination/Trips to Europe/Trips to Vienna
744,80781,80607,/Travel/Trips by Destination/Trips to Europe/Trips to the UK
745,80782,80781,"/Travel/Trips by Destination/Trips to Europe/Trips to the UK/Trips to Birmingham, UK"
746,80783,80781,/Travel/Trips by Destination/Trips to Europe/Trips to the UK/Trips to Edinburgh
747,80784,80781,/Travel/Trips by Destination/Trips to Europe/Trips to the UK/Trips to Glasgow
748,80638,80781,"/Travel/Trips by Destination/Trips to Europe/Trips to the UK/Trips to London, UK"
749,80336,80638,"/Travel/Trips by Destination/Trips to Europe/Trips to the UK/Trips to London, UK/London, UK (Air Travel Destination)"
750,80371,80638,"/Travel/Trips by Destination/Trips to Europe/Trips to the UK/Trips to London, UK/London, UK (Hotel Location)"
751,80785,80781,"/Travel/Trips by Destination/Trips to Europe/Trips to the UK/Trips to Manchester, UK"
752,80608,80605,/Travel/Trips by Destination/Trips to Latin America
753,80789,80608,/Travel/Trips by Destination/Trips to Latin America/Trips to Bogota
754,80790,80608,/Travel/Trips by Destination/Trips to Latin America/Trips to Brazil
755,80649,80790,/Travel/Trips by Destination/Trips to Latin America/Trips to Brazil/Trips to Rio de Janeiro
756,80791,80790,/Travel/Trips by Destination/Trips to Latin America/Trips to Brazil/Trips to Salvador
757,80650,80790,/Travel/Trips by Destination/Trips to Latin America/Trips to Brazil/Trips to São Paulo
758,80645,80608,/Travel/Trips by Destination/Trips to Latin America/Trips to Buenos Aires
759,80647,80608,/Travel/Trips by Destination/Trips to Latin America/Trips to Costa Rica
760,80798,80608,/Travel/Trips by Destination/Trips to Latin America/Trips to Guatemala
761,80799,80608,/Travel/Trips by Destination/Trips to Latin America/Trips to Lima
762,80648,80608,/Travel/Trips by Destination/Trips to Latin America/Trips to Mexico
763,80456,80648,/Travel/Trips by Destination/Trips to Latin America/Trips to Mexico/Mexico (Air Travel Destination)
764,80462,80648,/Travel/Trips by Destination/Trips to Latin America/Trips to Mexico/Mexico (Hotel Location)
765,80800,80648,/Travel/Trips by Destination/Trips to Latin America/Trips to Mexico/Trips to Acapulco
766,80801,80648,/Travel/Trips by Destination/Trips to Latin America/Trips to Mexico/Trips to Cancun & Playa del Carmen
767,80802,80648,/Travel/Trips by Destination/Trips to Latin America/Trips to Mexico/Trips to Guadalajara
768,80803,80648,/Travel/Trips by Destination/Trips to Latin America/Trips to Mexico/Trips to Los Cabos
769,80804,80648,/Travel/Trips by Destination/Trips to Latin America/Trips to Mexico/Trips to Mexico City
770,80805,80648,/Travel/Trips by Destination/Trips to Latin America/Trips to Mexico/Trips to Monterrey
771,80806,80648,/Travel/Trips by Destination/Trips to Latin America/Trips to Mexico/Trips to Puerto Vallarta
772,80807,80608,/Travel/Trips by Destination/Trips to Latin America/Trips to Panama
773,80808,80608,/Travel/Trips by Destination/Trips to Latin America/Trips to Santiago
774,80646,80608,/Travel/Trips by Destination/Trips to Latin America/Trips to the Caribbean
775,80327,80646,/Travel/Trips by Destination/Trips to Latin America/Trips to the Caribbean/Caribbean (Air Travel Destination)
776,80362,80646,/Travel/Trips by Destination/Trips to Latin America/Trips to the Caribbean/Caribbean (Hotel Location)
777,80792,80646,/Travel/Trips by Destination/Trips to Latin America/Trips to the Caribbean/Trips to Aruba
778,80793,80646,/Travel/Trips by Destination/Trips to Latin America/Trips to the Caribbean/Trips to Cuba
779,80794,80646,/Travel/Trips by Destination/Trips to Latin America/Trips to the Caribbean/Trips to Jamaica
780,80795,80646,/Travel/Trips by Destination/Trips to Latin America/Trips to the Caribbean/Trips to Nassau
781,80796,80646,/Travel/Trips by Destination/Trips to Latin America/Trips to the Caribbean/Trips to Puerto Rico
782,80797,80646,/Travel/Trips by Destination/Trips to Latin America/Trips to the Caribbean/Trips to the Dominican Republic
783,80610,80605,/Travel/Trips by Destination/Trips to North America
784,80819,80610,/Travel/Trips by Destination/Trips to North America/Trips to Canada
785,80820,80819,/Travel/Trips by Destination/Trips to North America/Trips to Canada/Trips to Calgary
786,80671,80819,/Travel/Trips by Destination/Trips to North America/Trips to Canada/Trips to Montreal
787,80821,80819,/Travel/Trips by Destination/Trips to North America/Trips to Canada/Trips to Ottawa
788,80688,80819,/Travel/Trips by Destination/Trips to North America/Trips to Canada/Trips to Toronto
789,80355,80688,/Travel/Trips by Destination/Trips to North America/Trips to Canada/Trips to Toronto/Toronto (Air Travel Destination)
790,80390,80688,/Travel/Trips by Destination/Trips to North America/Trips to Canada/Trips to Toronto/Toronto (Hotel Location)
791,80689,80819,/Travel/Trips by Destination/Trips to North America/Trips to Canada/Trips to Vancouver
792,80356,80689,/Travel/Trips by Destination/Trips to North America/Trips to Canada/Trips to Vancouver/Vancouver (Air Travel Destination)
793,80391,80689,/Travel/Trips by Destination/Trips to North America/Trips to Canada/Trips to Vancouver/Vancouver (Hotel Location)
794,80822,80610,/Travel/Trips by Destination/Trips to North America/Trips to the US
795,80823,80822,/Travel/Trips by Destination/Trips to North America/Trips to the US/Trips to Alaska
796,80824,80822,/Travel/Trips by Destination/Trips to North America/Trips to the US/Trips to Albuquerque
797,80656,80822,/Travel/Trips by Destination/Trips to North America/Trips to the US/Trips to Atlanta
798,80323,80656,/Travel/Trips by Destination/Trips to North America/Trips to the US/Trips to Atlanta/Atlanta (Air Travel Destination)
799,80358,80656,/Travel/Trips by Destination/Trips to North America/Trips to the US/Trips to Atlanta/Atlanta (Hotel Location)
800,80825,80822,/Travel/Trips by Destination/Trips to North America/Trips to the US/Trips to Atlantic City
801,80657,80822,/Travel/Trips by Destination/Trips to North America/Trips to the US/Trips to Austin
802,80324,80657,/Travel/Trips by Destination/Trips to North America/Trips to the US/Trips to Austin/Austin (Air Travel Destination)
803,80359,80657,/Travel/Trips by Destination/Trips to North America/Trips to the US/Trips to Austin/Austin (Hotel Location)
804,80826,80822,/Travel/Trips by Destination/Trips to North America/Trips to the US/Trips to Baltimore
805,80867,80822,"/Travel/Trips by Destination/Trips to North America/Trips to the US/Trips to Birmingham, AL"
806,80658,80822,/Travel/Trips by Destination/Trips to North America/Trips to the US/Trips to Boston
807,80326,80658,/Travel/Trips by Destination/Trips to North America/Trips to the US/Trips to Boston/Boston (Air Travel Destination)
808,80361,80658,/Travel/Trips by Destination/Trips to North America/Trips to the US/Trips to Boston/Boston (Hotel Location)
809,80827,80822,/Travel/Trips by Destination/Trips to North America/Trips to the US/Trips to Buffalo-Rochester Area
810,80828,80822,/Travel/Trips by Destination/Trips to North America/Trips to the US/Trips to California
811,80668,80828,/Travel/Trips by Destination/Trips to North America/Trips to the US/Trips to California/Trips to Los Angeles
812,80337,80668,/Travel/Trips by Destination/Trips to North America/Trips to the US/Trips to California/Trips to Los Angeles/Los Angeles (Air Travel Destination)
813,80372,80668,/Travel/Trips by Destination/Trips to North America/Trips to the US/Trips to California/Trips to Los Angeles/Los Angeles (Hotel Location)
814,80676,80828,"/Travel/Trips by Destination/Trips to North America/Trips to the US/Trips to California/Trips to Orange County, CA"
815,80455,80676,"/Travel/Trips by Destination/Trips to North America/Trips to the US/Trips to California/Trips to Orange County, CA/Orange County, CA (Air Travel Destination)"
816,80461,80676,"/Travel/Trips by Destination/Trips to North America/Trips to the US/Trips to California/Trips to Orange County, CA/Orange County, CA (Hotel Location)"
817,80683,80828,/Travel/Trips by Destination/Trips to North America/Trips to the US/Trips to California/Trips to San Diego
818,80350,80683,/Travel/Trips by Destination/Trips to North America/Trips to the US/Trips to California/Trips to San Diego/San Diego (Air Travel Destination)
819,80385,80683,/Travel/Trips by Destination/Trips to North America/Trips to the US/Trips to California/Trips to San Diego/San Diego (Hotel Location)
820,80684,80828,/Travel/Trips by Destination/Trips to North America/Trips to the US/Trips to California/Trips to San Francisco Bay Area
821,80351,80684,/Travel/Trips by Destination/Trips to North America/Trips to the US/Trips to California/Trips to San Francisco Bay Area/San Francisco Bay Area (Air Travel Destination)
822,80386,80684,/Travel/Trips by Destination/Trips to North America/Trips to the US/Trips to California/Trips to San Francisco Bay Area/San Francisco Bay Area (Hotel Location)
823,80829,80822,"/Travel/Trips by Destination/Trips to North America/Trips to the US/Trips to Charleston, SC"
824,80659,80822,/Travel/Trips by Destination/Trips to North America/Trips to the US/Trips to Charlotte
825,80452,80659,/Travel/Trips by Destination/Trips to North America/Trips to the US/Trips to Charlotte/Charlotte (Air Travel Destination)
826,80458,80659,/Travel/Trips by Destination/Trips to North America/Trips to the US/Trips to Charlotte/Charlotte (Hotel Location)
827,80660,80822,/Travel/Trips by Destination/Trips to North America/Trips to the US/Trips to Chicago
828,80328,80660,/Travel/Trips by Destination/Trips to North America/Trips to the US/Trips to Chicago/Chicago (Air Travel Destination)
829,80363,80660,/Travel/Trips by Destination/Trips to North America/Trips to the US/Trips to Chicago/Chicago (Hotel Location)
830,80830,80822,/Travel/Trips by Destination/Trips to North America/Trips to the US/Trips to Cincinnati
831,80831,80822,/Travel/Trips by Destination/Trips to North America/Trips to the US/Trips to Cleveland
832,80832,80822,/Travel/Trips by Destination/Trips to North America/Trips to the US/Trips to Columbus
833,80661,80822,/Travel/Trips by Destination/Trips to North America/Trips to the US/Trips to Dallas-Fort Worth
834,80329,80661,/Travel/Trips by Destination/Trips to North America/Trips to the US/Trips to Dallas-Fort Worth/Dallas-Fort Worth (Air Travel Destination)
835,80364,80661,/Travel/Trips by Destination/Trips to North America/Trips to the US/Trips to Dallas-Fort Worth/Dallas-Fort Worth (Hotel Location)
836,80662,80822,/Travel/Trips by Destination/Trips to North America/Trips to the US/Trips to Denver
837,80330,80662,/Travel/Trips by Destination/Trips to North America/Trips to the US/Trips to Denver/Denver (Air Travel Destination)
838,80365,80662,/Travel/Trips by Destination/Trips to North America/Trips to the US/Trips to Denver/Denver (Hotel Location)
839,80663,80822,/Travel/Trips by Destination/Trips to North America/Trips to the US/Trips to Detroit
840,80331,80663,/Travel/Trips by Destination/Trips to North America/Trips to the US/Trips to Detroit/Detroit (Air Travel Destination)
841,80366,80663,/Travel/Trips by Destination/Trips to North America/Trips to the US/Trips to Detroit/Detroit (Hotel Location)
842,80833,80822,/Travel/Trips by Destination/Trips to North America/Trips to the US/Trips to Florida
843,80664,80833,/Travel/Trips by Destination/Trips to North America/Trips to the US/Trips to Florida/Trips to Fort Lauderdale
844,80332,80664,/Travel/Trips by Destination/Trips to North America/Trips to the US/Trips to Florida/Trips to Fort Lauderdale/Fort Lauderdale (Air Travel Destination)
845,80367,80664,/Travel/Trips by Destination/Trips to North America/Trips to the US/Trips to Florida/Trips to Fort Lauderdale/Fort Lauderdale (Hotel Location)
846,80834,80833,/Travel/Trips by Destination/Trips to North America/Trips to the US/Trips to Florida/Trips to Fort Myers
847,80835,80833,/Travel/Trips by Destination/Trips to North America/Trips to the US/Trips to Florida/Trips to Jacksonville
848,80836,80833,/Travel/Trips by Destination/Trips to North America/Trips to the US/Trips to Florida/Trips to Key West
849,80669,80833,/Travel/Trips by Destination/Trips to North America/Trips to the US/Trips to Florida/Trips to Miami
850,80338,80669,/Travel/Trips by Destination/Trips to North America/Trips to the US/Trips to Florida/Trips to Miami/Miami (Air Travel Destination)
851,80373,80669,/Travel/Trips by Destination/Trips to North America/Trips to the US/Trips to Florida/Trips to Miami/Miami (Hotel Location)
852,80677,80833,/Travel/Trips by Destination/Trips to North America/Trips to the US/Trips to Florida/Trips to Orlando
853,80343,80677,/Travel/Trips by Destination/Trips to North America/Trips to the US/Trips to Florida/Trips to Orlando/Orlando (Air Travel Destination)
854,80378,80677,/Travel/Trips by Destination/Trips to North America/Trips to the US/Trips to Florida/Trips to Orlando/Orlando (Hotel Location)
855,80851,80833,/Travel/Trips by Destination/Trips to North America/Trips to the US/Trips to Florida/Trips to Pensacola
856,80687,80833,/Travel/Trips by Destination/Trips to North America/Trips to the US/Trips to Florida/Trips to Tampa Bay Area
857,80451,80687,/Travel/Trips by Destination/Trips to North America/Trips to the US/Trips to Florida/Trips to Tampa Bay Area/Tampa Bay Area (Air Travel Destination)
858,80457,80687,/Travel/Trips by Destination/Trips to North America/Trips to the US/Trips to Florida/Trips to Tampa Bay Area/Tampa Bay Area (Hotel Location)
859,80837,80822,/Travel/Trips by Destination/Trips to North America/Trips to the US/Trips to Gatlinburg
860,80862,80822,"/Travel/Trips by Destination/Trips to North America/Trips to the US/Trips to Greenville, SC"
861,80838,80822,/Travel/Trips by Destination/Trips to North America/Trips to the US/Trips to Hartford
862,80665,80822,/Travel/Trips by Destination/Trips to North America/Trips to the US/Trips to Hawaii
863,80333,80665,/Travel/Trips by Destination/Trips to North America/Trips to the US/Trips to Hawaii/Hawaii (Air Travel Destination)
864,80368,80665,/Travel/Trips by Destination/Trips to North America/Trips to the US/Trips to Hawaii/Hawaii (Hotel Location)
865,80839,80665,/Travel/Trips by Destination/Trips to North America/Trips to the US/Trips to Hawaii/Trips to Maui
866,80840,80665,/Travel/Trips by Destination/Trips to North America/Trips to the US/Trips to Hawaii/Trips to Oahu
867,80841,80665,/Travel/Trips by Destination/Trips to North America/Trips to the US/Trips to Hawaii/Trips to the Big Island
868,80666,80822,/Travel/Trips by Destination/Trips to North America/Trips to the US/Trips to Houston
869,80334,80666,/Travel/Trips by Destination/Trips to North America/Trips to the US/Trips to Houston/Houston (Air Travel Destination)
870,80369,80666,/Travel/Trips by Destination/Trips to North America/Trips to the US/Trips to Houston/Houston (Hotel Location)
871,80842,80822,/Travel/Trips by Destination/Trips to North America/Trips to the US/Trips to Indianapolis
872,80843,80822,/Travel/Trips by Destination/Trips to North America/Trips to the US/Trips to Kansas City
873,80667,80822,/Travel/Trips by Destination/Trips to North America/Trips to the US/Trips to Las Vegas
874,80335,80667,/Travel/Trips by Destination/Trips to North America/Trips to the US/Trips to Las Vegas/Las Vegas (Air Travel Destination)
875,80370,80667,/Travel/Trips by Destination/Trips to North America/Trips to the US/Trips to Las Vegas/Las Vegas (Hotel Location)
876,80872,80822,/Travel/Trips by Destination/Trips to North America/Trips to the US/Trips to Little Rock
877,80844,80822,/Travel/Trips by Destination/Trips to North America/Trips to the US/Trips to Louisville
878,80845,80822,/Travel/Trips by Destination/Trips to North America/Trips to the US/Trips to Memphis
879,80846,80822,/Travel/Trips by Destination/Trips to North America/Trips to the US/Trips to Milwaukee
880,80670,80822,/Travel/Trips by Destination/Trips to North America/Trips to the US/Trips to Minneapolis-Saint Paul
881,80339,80670,/Travel/Trips by Destination/Trips to North America/Trips to the US/Trips to Minneapolis-Saint Paul/Minneapolis-Saint Paul (Air Travel Destination)
882,80374,80670,/Travel/Trips by Destination/Trips to North America/Trips to the US/Trips to Minneapolis-Saint Paul/Minneapolis-Saint Paul (Hotel Location)
883,80672,80822,/Travel/Trips by Destination/Trips to North America/Trips to the US/Trips to Myrtle Beach & Grand Strand
884,80467,80672,/Travel/Trips by Destination/Trips to North America/Trips to the US/Trips to Myrtle Beach & Grand Strand/Myrtle Beach & Grand Strand (Air Travel Destination)
885,80466,80672,/Travel/Trips by Destination/Trips to North America/Trips to the US/Trips to Myrtle Beach & Grand Strand/Myrtle Beach & Grand Strand (Hotel Location)
886,80673,80822,/Travel/Trips by Destination/Trips to North America/Trips to the US/Trips to Nashville
887,80340,80673,/Travel/Trips by Destination/Trips to North America/Trips to the US/Trips to Nashville/Nashville (Air Travel Destination)
888,80375,80673,/Travel/Trips by Destination/Trips to North America/Trips to the US/Trips to Nashville/Nashville (Hotel Location)
889,80674,80822,/Travel/Trips by Destination/Trips to North America/Trips to the US/Trips to New Orleans
890,80341,80674,/Travel/Trips by Destination/Trips to North America/Trips to the US/Trips to New Orleans/New Orleans (Air Travel Destination)
891,80376,80674,/Travel/Trips by Destination/Trips to North America/Trips to the US/Trips to New Orleans/New Orleans (Hotel Location)
892,80675,80822,/Travel/Trips by Destination/Trips to North America/Trips to the US/Trips to New York City
893,80342,80675,/Travel/Trips by Destination/Trips to North America/Trips to the US/Trips to New York City/New York City (Air Travel Destination)
894,80377,80675,/Travel/Trips by Destination/Trips to North America/Trips to the US/Trips to New York City/New York City (Hotel Location)
895,80847,80822,/Travel/Trips by Destination/Trips to North America/Trips to the US/Trips to Norfolk-Virginia Beach Region
896,80848,80822,"/Travel/Trips by Destination/Trips to North America/Trips to the US/Trips to Ocean City, MD"
897,80849,80822,/Travel/Trips by Destination/Trips to North America/Trips to the US/Trips to Oklahoma City
898,80850,80822,/Travel/Trips by Destination/Trips to North America/Trips to the US/Trips to Omaha
899,80678,80822,/Travel/Trips by Destination/Trips to North America/Trips to the US/Trips to Philadelphia
900,80345,80678,/Travel/Trips by Destination/Trips to North America/Trips to the US/Trips to Philadelphia/Philadelphia (Air Travel Destination)
901,80380,80678,/Travel/Trips by Destination/Trips to North America/Trips to the US/Trips to Philadelphia/Philadelphia (Hotel Location)
902,80679,80822,/Travel/Trips by Destination/Trips to North America/Trips to the US/Trips to Phoenix
903,80346,80679,/Travel/Trips by Destination/Trips to North America/Trips to the US/Trips to Phoenix/Phoenix (Air Travel Destination)
904,80381,80679,/Travel/Trips by Destination/Trips to North America/Trips to the US/Trips to Phoenix/Phoenix (Hotel Location)
905,80852,80822,/Travel/Trips by Destination/Trips to North America/Trips to the US/Trips to Pittsburgh
906,80680,80822,"/Travel/Trips by Destination/Trips to North America/Trips to the US/Trips to Portland, OR"
907,80347,80680,"/Travel/Trips by Destination/Trips to North America/Trips to the US/Trips to Portland, OR/Portland, OR (Air Travel Destination)"
908,80382,80680,"/Travel/Trips by Destination/Trips to North America/Trips to the US/Trips to Portland, OR/Portland, OR (Hotel Location)"
909,80853,80822,/Travel/Trips by Destination/Trips to North America/Trips to the US/Trips to Raleigh-Durham Area
910,80854,80822,/Travel/Trips by Destination/Trips to North America/Trips to the US/Trips to Reno
911,80855,80822,"/Travel/Trips by Destination/Trips to North America/Trips to the US/Trips to Richmond, VA"
912,80681,80822,/Travel/Trips by Destination/Trips to North America/Trips to the US/Trips to Salt Lake City
913,80349,80681,/Travel/Trips by Destination/Trips to North America/Trips to the US/Trips to Salt Lake City/Salt Lake City (Air Travel Destination)
914,80384,80681,/Travel/Trips by Destination/Trips to North America/Trips to the US/Trips to Salt Lake City/Salt Lake City (Hotel Location)
915,80682,80822,/Travel/Trips by Destination/Trips to North America/Trips to the US/Trips to San Antonio
916,80453,80682,/Travel/Trips by Destination/Trips to North America/Trips to the US/Trips to San Antonio/San Antonio (Air Travel Destination)
917,80459,80682,/Travel/Trips by Destination/Trips to North America/Trips to the US/Trips to San Antonio/San Antonio (Hotel Location)
918,80856,80822,/Travel/Trips by Destination/Trips to North America/Trips to the US/Trips to Savannah
919,80685,80822,/Travel/Trips by Destination/Trips to North America/Trips to the US/Trips to Seattle
920,80352,80685,/Travel/Trips by Destination/Trips to North America/Trips to the US/Trips to Seattle/Seattle (Air Travel Destination)
921,80387,80685,/Travel/Trips by Destination/Trips to North America/Trips to the US/Trips to Seattle/Seattle (Hotel Location)
922,80686,80822,/Travel/Trips by Destination/Trips to North America/Trips to the US/Trips to St. Louis
923,80454,80686,/Travel/Trips by Destination/Trips to North America/Trips to the US/Trips to St. Louis/St. Louis (Air Travel Destination)
924,80460,80686,/Travel/Trips by Destination/Trips to North America/Trips to the US/Trips to St. Louis/St. Louis (Hotel Location)
925,80857,80822,/Travel/Trips by Destination/Trips to North America/Trips to the US/Trips to Tucson
926,80690,80822,"/Travel/Trips by Destination/Trips to North America/Trips to the US/Trips to Washington, D.C."
927,80357,80690,"/Travel/Trips by Destination/Trips to North America/Trips to the US/Trips to Washington, D.C./Washington, D.C. (Air Travel Destination)"
928,80392,80690,"/Travel/Trips by Destination/Trips to North America/Trips to the US/Trips to Washington, D.C./Washington, D.C. (Hotel Location)"
929,80609,80605,/Travel/Trips by Destination/Trips to the Middle East & Africa
930,80809,80609,/Travel/Trips by Destination/Trips to the Middle East & Africa/Trips to Doha
931,80651,80609,/Travel/Trips by Destination/Trips to the Middle East & Africa/Trips to Egypt
932,80652,80609,/Travel/Trips by Destination/Trips to the Middle East & Africa/Trips to Israel
933,80810,80609,/Travel/Trips by Destination/Trips to the Middle East & Africa/Trips to Jeddah
934,80811,80609,/Travel/Trips by Destination/Trips to the Middle East & Africa/Trips to Jordan
935,80812,80609,/Travel/Trips by Destination/Trips to the Middle East & Africa/Trips to Kenya
936,80871,80609,/Travel/Trips by Destination/Trips to the Middle East & Africa/Trips to Kuwait
937,80813,80609,/Travel/Trips by Destination/Trips to the Middle East & Africa/Trips to Lebanon
938,80653,80609,/Travel/Trips by Destination/Trips to the Middle East & Africa/Trips to Morocco
939,80869,80609,/Travel/Trips by Destination/Trips to the Middle East & Africa/Trips to Riyadh
940,80654,80609,/Travel/Trips by Destination/Trips to the Middle East & Africa/Trips to South Africa
941,80814,80654,/Travel/Trips by Destination/Trips to the Middle East & Africa/Trips to South Africa/Trips to Cape Town
942,80815,80654,/Travel/Trips by Destination/Trips to the Middle East & Africa/Trips to South Africa/Trips to Johannesburg
943,80816,80609,/Travel/Trips by Destination/Trips to the Middle East & Africa/Trips to Tehran
944,80655,80609,/Travel/Trips by Destination/Trips to the Middle East & Africa/Trips to the United Arab Emirates
945,80817,80655,/Travel/Trips by Destination/Trips to the Middle East & Africa/Trips to the United Arab Emirates/Trips to Abu Dhabi
946,80818,80655,/Travel/Trips by Destination/Trips to the Middle East & Africa/Trips to the United Arab Emirates/Trips to Dubai
947,80858,80287,/Travel/Trips by Timing
948,80859,80858,/Travel/Trips by Timing/Trip in Next 48 Hours
949,80860,80858,/Travel/Trips by Timing/Trip is 2 to 7 Days Away
950,80861,80858,/Travel/Trips by Timing/Trip is More Than a Week Away
951,80866,80287,/Travel/Vacation Packages
952,80863,80866,/Travel/Vacation Packages/All-Inclusive Vacations
953,80864,80866,/Travel/Vacation Packages/Guided Tours & Escorted Vacations
